[{"student_id":"1","student_name":"Andi Santoso","student_gpa":"3.50","student_transportation_access_score":"8","student_distance_to_campus_km":"3","student_address":"Jl. Raya Kebon Jeruk No. 1, Jakarta","student_enrollment_year":"2021","area_id":"1","campus_id":"3"},{"student_id":"2","student_name":"Budi Setiawan","student_gpa":"3.75","student_transportation_access_score":"9","student_distance_to_campus_km":"1","student_address":"Jl. Sudirman No. 45, Jakarta","student_enrollment_year":"2022","area_id":"2","campus_id":"7"},{"student_id":"3","student_name":"Cindy Li","student_gpa":"3.80","student_transportation_access_score":"8","student_distance_to_campus_km":"3","student_address":"Jl. Melati No. 10, Jakarta","student_enrollment_year":"2023","area_id":"1","campus_id":"2"},{"student_id":"4","student_name":"Dewi Anggraini","student_gpa":"3.60","student_transportation_access_score":"7","student_distance_to_campus_km":"4","student_address":"Jl. Cendana No. 5, Jakarta","student_enrollment_year":"2020","area_id":"2","campus_id":"9"},{"student_id":"5","student_name":"Eko Prabowo","student_gpa":"3.40","student_transportation_access_score":"7","student_distance_to_campus_km":"2","student_address":"Jl. Jend. Sudirman No. 15, Jakarta","student_enrollment_year":"2021","area_id":"1","campus_id":"5"},{"student_id":"6","student_name":"Fina Nurbani","student_gpa":"3.90","student_transportation_access_score":"9","student_distance_to_campus_km":"2","student_address":"Jl. Anggrek No. 12, Jakarta","student_enrollment_year":"2022","area_id":"3","campus_id":"1"},{"student_id":"7","student_name":"Gilang Rahardjo","student_gpa":"3.20","student_transportation_access_score":"6","student_distance_to_campus_km":"5","student_address":"Jl. Kuningan No. 20, Jakarta","student_enrollment_year":"2023","area_id":"1","campus_id":"6"},{"student_id":"8","student_name":"Hani Sofiana","student_gpa":"3.85","student_transportation_access_score":"5","student_distance_to_campus_km":"3","student_address":"Jl. Taman No. 18, Jakarta","student_enrollment_year":"2020","area_id":"2","campus_id":"4"},{"student_id":"9","student_name":"Iwan Kurniawan","student_gpa":"3.55","student_transportation_access_score":"7","student_distance_to_campus_km":"3","student_address":"Jl. Pahlawan No. 25, Jakarta","student_enrollment_year":"2024","area_id":"3","campus_id":"8"},{"student_id":"10","student_name":"Joko Widodo","student_gpa":"3.45","student_transportation_access_score":"8","student_distance_to_campus_km":"5","student_address":"Jl. Merpati No. 3, Jakarta","student_enrollment_year":"2021","area_id":"1","campus_id":"2"}]